"id of poly","count of points","style"
1,22,fill:#FFFFFF;
2,32,fill:#CBCBCB;
3,24,fill:#CBCBCB;
4,20,fill:#CBCBCB;
5,44,fill:#CBCBCB;
6,24,fill:#CBCBCB;
7,32,fill:#CBCBCB;
8,24,fill:#CBCBCB;
9,28,fill:#979797;
10,72,fill:#494949;
11,28,fill:#CBCBCB;
12,71,fill:#494949;
13,76,fill:#494949;
14,28,fill:#CBCBCB;
15,44,fill:#CBCBCB;
16,76,fill:#494949;
17,28,fill:#CBCBCB;
18,61,fill:#494949;
19,61,fill:#494949;
20,28,fill:#202020;
21,31,fill:#202020;
22,84,fill:#494949;
23,28,fill:#CBCBCB;
24,24,fill:#CBCBCB;
25,72,fill:#494949;
26,32,fill:#CBCBCB;
27,61,fill:#494949;
28,38,fill:#FFFFFF;
29,38,fill:#202020;
30,28,fill:#202020;
31,28,fill:#FFFFFF;
32,76,fill:#494949;
33,88,fill:#494949;
34,72,fill:#FFFFFF;
35,28,fill:#CBCBCB;
36,24,fill:#CBCBCB;
37,72,fill:#8D8D8D;
38,84,fill:#494949;
39,28,fill:#CBCBCB;
40,28,fill:#CBCBCB;
41,42,fill:#FFFFFF;
42,35,fill:#202020;
43,28,fill:#202020;
44,76,fill:#494949;
45,100,fill:#FFFFFF;
46,44,fill:#202020;
47,24,fill:#666666;
48,32,fill:#202020;
49,72,fill:#FFFFFF;
50,88,fill:#FFFFFF;
51,24,fill:#EAEAEA;
52,44,fill:#CBCBCB;
53,72,fill:#494949;
54,72,fill:#8D8D8D;
55,88,fill:#FFFFFF;
56,28,fill:#CBCBCB;
57,28,fill:#CBCBCB;
58,38,fill:#FFFFFF;
59,24,fill:#202020;
60,49,fill:#FFFFFF;
61,21,fill:#CBCBCB;
62,28,fill:#0B0B0B;
63,36,fill:#FFFFFF;
64,32,fill:#202020;
65,44,fill:#202020;
66,32,fill:#202020;
67,16,fill:#CBCBCB;
68,72,fill:#FFFFFF;
69,32,fill:#CBCBCB;
70,24,fill:#CBCBCB;
71,61,fill:#494949;
72,72,fill:#8D8D8D;
73,52,fill:#D8D8D8;
74,76,fill:#FFFFFF;
75,124,fill:#8D8D8D;
76,32,fill:#CBCBCB;
77,28,fill:#CBCBCB;
78,42,fill:#FFFFFF;
79,31,fill:#202020;
80,21,fill:#FFFFFF;
81,31,fill:#FFFFFF;
82,21,fill:#CBCBCB;
83,21,fill:#CBCBCB;
84,64,fill:#FFFFFF;
85,48,fill:#202020;
86,28,fill:#202020;
87,36,fill:#FFFFFF;
88,24,fill:#CBCBCB;
89,21,fill:#CBCBCB;
90,66,fill:#8D8D8D;
91,16,fill:#EAEAEA;
92,52,fill:#FFFFFF;
93,32,fill:#CBCBCB;
94,28,fill:#979797;
95,14,fill:#CBCBCB;
96,28,fill:#494949;
97,35,fill:#494949;
98,28,fill:#202020;
99,28,fill:#787878;
100,28,fill:#CBCBCB;
101,28,fill:#EAEAEA;
102,21,fill:#CBCBCB;
103,75,fill:#494949;
104,28,fill:#202020;
105,40,fill:#202020;
106,44,fill:#FFFFFF;
107,24,fill:#CBCBCB;
108,36,fill:#CBCBCB;
109,36,fill:#CBCBCB;
110,38,fill:#CBCBCB;
111,52,fill:#FFFFFF;
112,21,fill:#CBCBCB;
113,32,fill:#CBCBCB;
114,32,fill:#CBCBCB;
115,32,fill:#CBCBCB;
116,24,fill:#CBCBCB;
117,24,fill:#CBCBCB;
118,18,fill:#EAEAEA;
119,7,fill:#A8A8A8;
120,10,fill:#787878;
121,10,fill:#EAEAEA;
122,21,fill:#202020;
123,17,fill:#979797;
124,24,fill:#202020;
125,35,fill:#FFFFFF;
126,7,fill:#A8A8A8;
127,9,fill:#A8A8A8;
128,42,fill:#FFFFFF;
129,12,fill:#787878;
130,49,fill:#FFFFFF;
131,24,fill:#202020;
132,17,fill:#EAEAEA;
133,17,fill:#FFFFFF;
134,21,fill:#FFFFFF;
135,21,fill:#EAEAEA;
136,9,fill:#A8A8A8;
137,21,fill:#CBCBCB;
138,24,fill:#EAEAEA;
139,24,fill:#CBCBCB;
140,24,fill:#EAEAEA;
141,21,fill:#CBCBCB;
142,24,fill:#CBCBCB;
143,24,fill:#EAEAEA;
144,21,fill:#CBCBCB;
145,21,fill:#B8B8B8;
146,21,fill:#B8B8B8;
147,24,fill:#CBCBCB;
148,21,fill:#B8B8B8;
149,21,fill:#B8B8B8;
150,24,fill:#EAEAEA;
151,35,fill:#CBCBCB;
152,17,fill:#CBCBCB;
153,28,fill:#CBCBCB;
154,59,fill:#FFFFFF;
155,56,fill:#FFFFFF;
156,44,fill:#FFFFFF;
157,35,fill:#202020;
158,56,fill:#FFFFFF;
159,16,fill:#A8A8A8;
160,32,fill:#202020;
161,32,fill:#202020;
162,32,fill:#CBCBCB;
163,31,fill:#CBCBCB;
164,24,fill:#CBCBCB;
165,20,fill:#979797;
166,21,fill:#CBCBCB;
167,56,fill:#FFFFFF;
168,32,fill:#EAEAEA;
169,12,fill:#A8A8A8;
170,45,fill:#FFFFFF;
171,84,fill:#8D8D8D;
172,32,fill:#D8D8D8;
173,24,fill:#CBCBCB;
174,28,fill:#EAEAEA;
175,28,fill:#CBCBCB;
176,24,fill:#CBCBCB;
177,28,fill:#EAEAEA;
178,24,fill:#CBCBCB;
179,28,fill:#CBCBCB;
180,32,fill:#CBCBCB;
181,24,fill:#CBCBCB;
182,32,fill:#CBCBCB;
