"id of poly","count of points","style"
1,64,fill:#414141;
2,44,fill:#666666;
3,35,fill:#9A9A9A;
4,48,fill:#FFFFFF;
5,32,fill:#FFFFFF;
6,24,fill:#7A7A7A;
7,124,fill:#666666;
8,81,fill:#666666;
9,75,fill:#454545;
10,38,fill:#666666;
11,44,fill:#FFFFFF;
12,56,fill:#9A9A9A;
13,124,fill:#666666;
14,38,fill:#9A9A9A;
15,60,fill:#9A9A9A;
16,28,fill:#FFFFFF;
17,44,fill:#FFFFFF;
18,15,fill:#7A7A7A;
19,30,fill:#7A7A7A;
20,42,fill:#454545;
21,41,fill:#FFFFFF;
22,20,fill:#7A7A7A;
23,44,fill:#9A9A9A;
24,68,fill:#7A7A7A;
25,53,fill:#454545;
26,48,fill:#FFFFFF;
27,43,fill:#FFFFFF;
28,31,fill:#666666;
29,20,fill:#454545;
30,54,fill:#FFFFFF;
31,76,fill:#7A7A7A;
