"id of poly","count of points","style"
1,32,fill:#FFFFFF;
2,436,fill:#000000;
3,457,fill:#FFFFFF;
4,134,fill:#FFFFFF;
5,106,fill:#000000;
6,74,fill:#000000;
7,220,fill:#000000;
8,84,fill:#FFFFFF;
9,32,fill:#FFFFFF;
10,99,fill:#000000;
11,136,fill:#000000;
12,110,fill:#000000;
13,44,fill:#FFFFFF;
14,32,fill:#FFFFFF;
15,94,fill:#FFFFFF;
16,24,fill:#FFFFFF;
17,24,fill:#FFFFFF;
18,20,fill:#FFFFFF;
19,38,fill:#FFFFFF;
20,38,fill:#FFFFFF;
21,31,fill:#FFFFFF;
22,38,fill:#FFFFFF;
23,30,fill:#FFFFFF;
24,46,fill:#FFFFFF;
